{"noiseKey":{"private":{"type":"Buffer","data":"ED3LoH3gS+u0vQ2uSFb1gJ6frntifWvdZspkuvqF2FM="},"public":{"type":"Buffer","data":"wHWqwdWGe1Lxs6TV7qYTB15kiB4xciUKQzaGV84j6Vg="}},"pairingEphemeralKeyPair":{"private":{"type":"Buffer","data":"SBbU+8PtMLRIp1oplKpFHf5sTPDYqv1L3Kr0itUWJlE="},"public":{"type":"Buffer","data":"J9SRUBFXLvvnniGiNU1YJsAatvitT9hwUaIYE4tinEA="}},"signedIdentityKey":{"private":{"type":"Buffer","data":"KNCfNPr1bk4VCnehBRRJnVnhC5m5fmr6ox/74ARDN28="},"public":{"type":"Buffer","data":"zIcmWh2KLWFL3PjDfoRQrZnnVqcwsL50O9UlOZAz8GQ="}},"signedPreKey":{"keyPair":{"private":{"type":"Buffer","data":"oGfMRLeySG6ujoFcTAyx2ugwrb/ZTFYmyjFLtrlU5nQ="},"public":{"type":"Buffer","data":"AYL/oN4sjNtVIVzNmgafuskdOP89nAD7SbQetf0UkE4="}},"signature":{"type":"Buffer","data":"CGRJszOpPhnw4RdaUGMNXaf+LjSK1Lb4/VBWB6PYg4G2txHchBbzkhZ1QkOF0ZTD2NzxUC0aXi4rktw3JskSjQ=="},"keyId":1},"registrationId":106,"advSecretKey":"KvxeeujW623hospeKEg7g9YvoHkEyBsKNJQYN3Ea0/s=","processedHistoryMessages":[],"nextPreKeyId":1,"firstUnuploadedPreKeyId":1,"accountSyncCounter":0,"accountSettings":{"unarchiveChats":false},"deviceId":"jPQtuwfdSHCopoRFyUty7A","phoneId":"06f6e297-6f90-4ff4-92d4-bd1818764a76","identityId":{"type":"Buffer","data":"Ys/0AXmBjjy5OfwuMtlGpF+jHN0="},"registered":false,"backupToken":{"type":"Buffer","data":"BjPMnsS51B+wdvBWjccbKhWnDzM="},"registration":{},"pairingCode":"6J53VD7Z","me":{"id":"6282318658612@s.whatsapp.net","name":"~"}}