{"noiseKey":{"private":{"type":"Buffer","data":"GEycnKhYcBoS00WpKmcd7oo8MgHq/gHs1qscp934Vko="},"public":{"type":"Buffer","data":"TtysN5hMPUCHbHvvd9KDJvsWgvXWRcrHoAmr/kBZOT8="}},"pairingEphemeralKeyPair":{"private":{"type":"Buffer","data":"QLes+GBiGiS7QS5YGUC7/YInlJIDXXVN2vAyuAB1pnU="},"public":{"type":"Buffer","data":"Pe6LgNQzVuzRlWooDELBu6tpyw8x11p2SDvrJZ4aXW8="}},"signedIdentityKey":{"private":{"type":"Buffer","data":"CD4CqOvuaLyo8lhZluoWdRznOw6iumzN5b6HTcj8kE4="},"public":{"type":"Buffer","data":"sa+udVKZd9YjfEMKC8Wm18qtpJCKBAuvMnGrWaHKIlE="}},"signedPreKey":{"keyPair":{"private":{"type":"Buffer","data":"aDFMCrOb6eBWbqnhV6XyVNDwXPvrQm/zOuY/XliL/3s="},"public":{"type":"Buffer","data":"pqJMED59mG9ipNgxjaB/x3DA+VSUSknHEiw2TcFbCWI="}},"signature":{"type":"Buffer","data":"5aaa9fpWNbojk4Qyef98BDmM1K3rTeGJc6+zg570xBrZnzv7+2a/aKjhIv/d6bkfcd5w4vL5xvKTrHxcd/PEjw=="},"keyId":1},"registrationId":45,"advSecretKey":"St1SYYgmYshpOB3COk5EjGmWvIWVzBVIgOM7mtpPBqI=","processedHistoryMessages":[{"key":{"remoteJid":"6282122354307@s.whatsapp.net","fromMe":true,"id":"7F964F388F4C5DCE7518CB0C93783B9B"},"messageTimestamp":1707232963},{"key":{"remoteJid":"6282122354307@s.whatsapp.net","fromMe":true,"id":"D8FB839A34DEA0A5F0D1DF03C6AE1122"},"messageTimestamp":1707232963},{"key":{"remoteJid":"6282122354307@s.whatsapp.net","fromMe":true,"id":"9ABC8A1D1513237A08536A1B48DADF81"},"messageTimestamp":1707232965},{"key":{"remoteJid":"6282122354307@s.whatsapp.net","fromMe":true,"id":"40E970A297A4FE569BBEDC5C5B90D753"},"messageTimestamp":1707232965}],"nextPreKeyId":31,"firstUnuploadedPreKeyId":31,"accountSyncCounter":1,"accountSettings":{"unarchiveChats":false},"deviceId":"l038pre4Rfm-wGIuDrVWaQ","phoneId":"4d8f054d-02e5-4a8e-968c-4617533f585a","identityId":{"type":"Buffer","data":"1J3b0Dc3K6e0lKNAPKUTR2ZKkm8="},"registered":true,"backupToken":{"type":"Buffer","data":"2XvILD87REld0amqv01kOLI1C40="},"registration":{},"pairingCode":"JDBJT642","me":{"id":"6282122354307:3@s.whatsapp.net","name":"BG DARWIN","jid":"6282122354307@s.whatsapp.net","lid":"4501612286022:3@lid"},"account":{"details":"CJPYj40CEL+dia4GGAEgACgA","accountSignatureKey":"rZkooWHxUZoLNJJ0ft3BbN8bCwpxHCH2pObHjsphCX0=","accountSignature":"kBqs+EbfPlhOY6KetCB5AjqIHBUjDXgPmd8TfCzrV4GUWixdsj9kz5eDIhxGyGRYXXiFDyL+b7OPvHCrPjx9BQ==","deviceSignature":"DbbbvgbY//5Ik94a4zTLPR10wgQ9VIOvGgbW3MRnkgodthm6NkY0RK1TZfFA1+1uhFbKhNf5+yFv55fN7ZAHhQ=="},"signalIdentities":[{"identifier":{"name":"6282122354307:3@s.whatsapp.net","deviceId":0},"identifierKey":{"type":"Buffer","data":"Ba2ZKKFh8VGaCzSSdH7dwWzfGwsKcRwh9qTmx47KYQl9"}}],"platform":"android","lastAccountSyncTimestamp":1707232962,"myAppStateKeyId":"AAAAAGoe"}