{"_sessions":{"BV3qjdFFo2tc/1mDm3bzxHBujA4xIyMZyX80oa2tqbNv":{"registrationId":96,"currentRatchet":{"ephemeralKeyPair":{"pubKey":"BYvC0iJdpIMKI/fccuO0HAvP8DGba8T+yVDUSty2nWM0","privKey":"eMXnqC+UKoJKRyMCcbxE9LC3Gi1+BTaJvCPgxjsu5nA="},"lastRemoteEphemeralKey":"Be2zGGSjUZEbtIqBC+zPmzBssp4N6yNWWob7KDNYabJd","previousCounter":0,"rootKey":"q3OHWCvd4Iq3bN+eQhS7mov3PfAMrdjqycF+3mLX1Bk="},"indexInfo":{"baseKey":"BV3qjdFFo2tc/1mDm3bzxHBujA4xIyMZyX80oa2tqbNv","baseKeyType":2,"closed":1707233144535,"used":1707233144561,"created":1707232964330,"remoteIdentityKey":"Bb4l1f+YIjWF7PdyeziCqg5aCgNbaJrc5WaCysecu7h9"},"_chains":{"BeEPFv9npsgbG6pXoKr1KE5q4jBVN4iqkBZ0zc6bmDB2":{"chainKey":{"counter":0},"chainType":2,"messageKeys":{}},"BYmEfFz808w9ZsB4y1XNu3pSOS8ksPjwLnbBLMQqHdFs":{"chainKey":{"counter":1},"chainType":2,"messageKeys":{}},"Be2zGGSjUZEbtIqBC+zPmzBssp4N6yNWWob7KDNYabJd":{"chainKey":{"counter":1,"key":"P6e9qIjQpJkQh/9QpevMeAvKY1nlKfi9i5K5UBVyXTA="},"chainType":2,"messageKeys":{}},"BYvC0iJdpIMKI/fccuO0HAvP8DGba8T+yVDUSty2nWM0":{"chainKey":{"counter":-1,"key":"OyyMBOnPKi96za+YmZNUjVINsn4WFZbsFZmkVZvznfQ="},"chainType":1,"messageKeys":{}}}},"BVKdRVuhtu0WKRFJmjD6/+q1YqYCaCrz8LZIUzp8r8FH":{"registrationId":96,"currentRatchet":{"ephemeralKeyPair":{"pubKey":"Bc4QEEO43+JWwu0qOtHgRT5l6U2jt6reCXKIw5Zye1JW","privKey":"6JOGeV1E3C8b2PZ60XYrGRfX/C2daXvsy0cct1JcGk8="},"lastRemoteEphemeralKey":"Be2zGGSjUZEbtIqBC+zPmzBssp4N6yNWWob7KDNYabJd","previousCounter":-1,"rootKey":"CprYjzrZy3liR6qG/Wi/zdwOzJMBKPgHaqSTzdVUjTY="},"indexInfo":{"baseKey":"BVKdRVuhtu0WKRFJmjD6/+q1YqYCaCrz8LZIUzp8r8FH","baseKeyType":1,"closed":-1,"used":1707233144530,"created":1707233144530,"remoteIdentityKey":"Bb4l1f+YIjWF7PdyeziCqg5aCgNbaJrc5WaCysecu7h9"},"_chains":{"Be2zGGSjUZEbtIqBC+zPmzBssp4N6yNWWob7KDNYabJd":{"chainKey":{"counter":0,"key":"rkMFjG2nYGdErgRfZTsdrFBYID6kJCvKTWMrvKwK+jU="},"chainType":2,"messageKeys":{}},"Bc4QEEO43+JWwu0qOtHgRT5l6U2jt6reCXKIw5Zye1JW":{"chainKey":{"counter":-1,"key":"o2xBsZZGGoqqJo9hp8YTdSH0WcQ6NUK+LjAAJItpuT0="},"chainType":1,"messageKeys":{}}},"pendingPreKey":{"signedKeyId":1,"baseKey":"BVKdRVuhtu0WKRFJmjD6/+q1YqYCaCrz8LZIUzp8r8FH","preKeyId":442}}},"version":"v1"}