{"_sessions":{"BbGGepo7hMZikJhTE9b9ACCO9IKjgr+64cziJBpz3CsD":{"registrationId":868167043,"currentRatchet":{"ephemeralKeyPair":{"pubKey":"Bb+MglPtPs1mUiMSva+m39V78fzUaqjHSzNv8Z9ayKMK","privKey":"iFejacG357lxgWhvUhgpzozug3zgjKvBu32R1f6dZW0="},"lastRemoteEphemeralKey":"BQf5wBQV0wjG9xIxEWkKH+s9X8a8uyMZawScHghCJ58D","previousCounter":0,"rootKey":"070H4iXP/1ujAJIfVW4Mlqfo33exK14aejb4O73KRHg="},"indexInfo":{"baseKey":"BbGGepo7hMZikJhTE9b9ACCO9IKjgr+64cziJBpz3CsD","baseKeyType":1,"closed":1707232973688,"used":1707232973663,"created":1707232973663,"remoteIdentityKey":"BUzfRVM0f9jhxEVJY95E+EBc1/lmc0Pox9OJtm8o8lsO"},"_chains":{"Bb+MglPtPs1mUiMSva+m39V78fzUaqjHSzNv8Z9ayKMK":{"chainKey":{"counter":0,"key":"VJjh6YSr8qUGmJU1gilzJUt4GQWVgZp1+6Je2Cb28E8="},"chainType":1,"messageKeys":{}}},"pendingPreKey":{"signedKeyId":0,"baseKey":"BbGGepo7hMZikJhTE9b9ACCO9IKjgr+64cziJBpz3CsD","preKeyId":190480}},"BWdRXWSZ5sStU80olReEGpVmoT+z+CD0KOkOzJLjKdI1":{"registrationId":868167043,"currentRatchet":{"ephemeralKeyPair":{"pubKey":"BWJzuffIf2KD4fohyQm1VYhyvHqB8y4EeRMrKMfsgO57","privKey":"UNToh5K6SUa9nApjovQBJUSF7tETeqF7iCRsSWMWHVk="},"lastRemoteEphemeralKey":"BQf5wBQV0wjG9xIxEWkKH+s9X8a8uyMZawScHghCJ58D","previousCounter":0,"rootKey":"MMf4ymmcg3XnhluutKucghZg9WCinsuJnkueCq7Xfjg="},"indexInfo":{"baseKey":"BWdRXWSZ5sStU80olReEGpVmoT+z+CD0KOkOzJLjKdI1","baseKeyType":1,"closed":-1,"used":1707232973686,"created":1707232973686,"remoteIdentityKey":"BUzfRVM0f9jhxEVJY95E+EBc1/lmc0Pox9OJtm8o8lsO"},"_chains":{"BWJzuffIf2KD4fohyQm1VYhyvHqB8y4EeRMrKMfsgO57":{"chainKey":{"counter":1,"key":"LftXCTcCwB5vuscd26tlatZllSRShCS2qbqtiERLqJc="},"chainType":1,"messageKeys":{}}},"pendingPreKey":{"signedKeyId":0,"baseKey":"BWdRXWSZ5sStU80olReEGpVmoT+z+CD0KOkOzJLjKdI1","preKeyId":190515}}},"version":"v1"}