{"_sessions":{"BQ5VjTrV0HAsx4Ko+/whqwY0LQWg3eEsnWjjPeUeELMa":{"registrationId":1598882181,"currentRatchet":{"ephemeralKeyPair":{"pubKey":"BcTjROriaWCkKREung9YsM3Ygj+c9yexH4q9+0k1VvlW","privKey":"QBxnvOYOPP3h4daI7JhoSbdwl9ODq8IbqIHpe7cD10I="},"lastRemoteEphemeralKey":"BVOddl5CRnfF5asCKm59BYL4A7ipw6PHgTYvDPxlDb5B","previousCounter":1,"rootKey":"gOVno3RQmCF0T76t+w83u7U1BYdogXiRVo3EEi1ht9g="},"indexInfo":{"baseKey":"BQ5VjTrV0HAsx4Ko+/whqwY0LQWg3eEsnWjjPeUeELMa","baseKeyType":2,"closed":-1,"used":1707233142580,"created":1707232963071,"remoteIdentityKey":"Ba2ZKKFh8VGaCzSSdH7dwWzfGwsKcRwh9qTmx47KYQl9"},"_chains":{"BVQbV60Zsc5GwIgzofYORqv42EavCdmZkXwOSyZ/O7BE":{"chainKey":{"counter":8},"chainType":2,"messageKeys":{}},"BVOddl5CRnfF5asCKm59BYL4A7ipw6PHgTYvDPxlDb5B":{"chainKey":{"counter":0,"key":"kcL4+rcmBXESKWzSPdWjGQDi2muFYaJT1Hi7HYy3u5Y="},"chainType":2,"messageKeys":{}},"BcTjROriaWCkKREung9YsM3Ygj+c9yexH4q9+0k1VvlW":{"chainKey":{"counter":0,"key":"ndnf1b9nltVEMwAujI7Hm+k7xZedd8RdiuHH1+f7JGY="},"chainType":1,"messageKeys":{}}}}},"version":"v1"}